cell_id,cell_lat,cell_lon,city,entity_count_real,entity_count_total,active_rate,capital_median,capital_mean,capital_max,sector_diversity,formal_ratio,sarl_count,sa_count,attractivity_score,attractivity_class,n_sectors_present,dominant_sector,density_log,cluster_label
2385_-452,32.239464,-7.958947,Casablanca,6,6,1.0,300000.0,2282000.0,10000000.0,0.8437590816619513,0.0,0,0,57.98,Moyen,1,Construction,1.9459101490553132,1
2386_-484,32.25,-8.53333299,Casablanca,9,9,0.6666666666666666,10000.0,43750.0,100000.0,0.6760150508789764,0.0,0,0,39.91,Faible,1,Construction,2.302585092994046,0
2389_-452,32.286308,-7.9592863,Casablanca,20,20,0.7424242424242424,100000.0,125606.06060606061,1500000.0,0.8572242062522161,0.0,0,0,41.1275,Faible,4,Construction,3.044522437723423,0
2416_-478,32.65,-8.4333329,Casablanca,16,16,0.4583333333333333,77500.0,155000.0,1000000.0,0.7224773843547734,0.0,0,0,27.86,Faible,2,Construction,2.833213344056216,0
2432_-393,32.87796,-6.921472,Casablanca,18,18,0.7777777777777777,100000.0,298333.3333333333,5000000.0,0.7668149549553654,0.0,0,0,42.45666666666667,Faible,3,Construction,2.9444389791664403,0
2433_-391,32.8833333,-6.899999999999977,Casablanca,21,21,0.4444444444444444,100000.0,1728382.3529411764,10000000.0,0.6143706551144408,0.16666666666666666,0,1,27.535,Faible,2,Construction,3.091042453358316,0
2434_-393,32.8981905,-6.9252435000000006,Casablanca,3,3,0.6666666666666666,100000.0,900000.0,2500000.0,0.8112781244591328,0.0,0,0,33.64,Faible,1,Commerce,1.3862943611198906,0
2438_-466,32.951731,-8.218351,Casablanca,3,3,1.0,80000.0,110000.0,200000.0,0.0,0.0,0,0,36.88,Faible,1,Construction,1.3862943611198906,1
2441_-431,32.997941299999994,-7.604816,Casablanca,6,6,1.0,35000.0,35000.0,100000.0,1.0,0.16666666666666666,1,0,55.78,Moyen,2,Construction,1.9459101490553132,1
2441_-432,32.9939424,-7.6235292,Settat,974,974,0.7316849816849818,100000.0,159390.50671550672,2000000.0,0.6983372714018556,0.10901047211115861,13,2,56.58833333333333,Faible,12,Healthcare,6.882437470997847,2
2442_-432,33.001374,-7.617374,Settat,395,395,0.7736709026439161,100000.0,523723.0655085356,100000000.0,0.8246282058258934,0.2083125620503946,79,17,58.110833333333325,Faible,12,Construction,5.981414211254481,2
2442_-433,33.00545,-7.631115,Settat,30,30,0.875,100000.0,162527.72435897437,1000000.0,0.7820695495403381,0.3946078431372549,12,1,53.1825,Moyen,4,Construction,3.4339872044851463,1
2458_-482,33.2293229,-8.4993567,El Jadida,889,889,0.5555555555555556,100000.0,193393.98543842987,2500000.0,0.7255609756707548,0.0,0,0,50.24777777777778,Faible,9,Healthcare,6.7912214627261855,2
2459_-482,33.2333333,-8.5,Casablanca,77,77,0.5928030303030303,100000.0,130707.28793309438,1635000.0,0.7804094687934459,0.018518518518518517,1,0,39.24333333333333,Faible,6,Construction,4.356708826689592,0
2459_-483,33.2387205,-8.5173614,Casablanca,31,31,0.625,100000.0,233806.65954415954,2500000.0,0.8002951103287606,0.0,0,0,37.715,Faible,4,Healthcare,3.4657359027997265,0
2459_-485,33.23199,-8.549604,Casablanca,3,3,1.0,1000000.0,1003333.3333333334,2000000.0,0.935944697445866,0.0,0,0,56.59,Moyen,1,Transport,1.3862943611198906,1
2460_-482,33.247976300000005,-8.5021726,El Jadida,36,36,0.6666666666666666,100000.0,1106789.3162393162,12000000.0,0.8989987610854251,0.0,0,0,43.58166666666667,Faible,6,Healthcare,3.6109179126442243,0
2460_-483,33.254174,-8.508038,Casablanca,160,160,0.8627946127946128,100000.0,547331.2487834228,8000000.0,0.7997807944839405,0.0,0,0,56.397777777777776,Moyen,9,Construction,5.081404364984463,2
2460_-484,33.245346,-8.526898,Casablanca,6,6,0.8333333333333334,10000.0,1666000.0,8000000.0,0.7627069065377661,0.0,0,0,46.74,Faible,1,Construction,1.9459101490553132,1
2461_-430,33.266667,-7.583333,Casablanca,76,76,0.7925088456435205,100000.0,99300.42016806723,1200000.0,0.8507986834784304,0.0615079365079365,4,0,50.57142857142857,Moyen,7,Information Technology,4.343805421853684,2
2461_-431,33.2692319,-7.5889686,Casablanca,22,22,0.6666666666666666,100000.0,176881.10161443497,2500000.0,0.756890550833509,0.0,0,0,38.68,Faible,3,Healthcare,3.1354942159291497,0
2461_-482,33.2603,-8.5053,Settat,3,3,1.0,100000.0,166666.66666666666,300000.0,0.0,0.0,0,0,36.95,Faible,1,Construction,1.3862943611198906,1
2461_-483,33.2590392,-8.5100923,El Jadida,20,20,0.625,100000.0,167142.3076923077,1000000.0,0.9237917059380314,0.0,0,0,37.195,Faible,4,Healthcare,3.044522437723423,0
2462_-410,33.281557,-7.22832,Casablanca,4,4,1.0,40000.0,216666.66666666663,600000.0,0.0,0.0,0,0,38.93,Faible,1,Construction,1.6094379124341003,1
2462_-430,33.270982,-7.584739,Casablanca,45,45,0.9190476190476191,100000.0,313812.6111983255,3000000.0,0.8837967520191894,0.039682539682539666,1,1,53.64142857142857,Moyen,7,Construction,3.828641396489095,2
2462_-473,33.282881,-8.335364,Casablanca,4,4,1.0,100000.0,70000.0,100000.0,0.8613531161467861,0.0,0,0,54.29,Moyen,1,Construction,1.6094379124341003,1
2463_-473,33.290059,-8.34341,Casablanca,3,3,1.0,20000.0,110000.0,300000.0,0.9464119282150146,0.0,0,0,53.32,Faible,1,Construction,1.3862943611198906,1
2468_-432,33.3611111,-7.611388900000065,Casablanca,11,11,0.8333333333333334,100000.0,75000.0,100000.0,0.931551157848114,0.0,0,0,46.0,Faible,3,Commerce,2.4849066497880004,0
2469_-428,33.374634,-7.541537,Casablanca,25,25,0.9166666666666666,100000.0,169785.7142857143,1000000.0,0.9144033370417606,0.14880952380952378,3,1,55.68,Moyen,4,Construction,3.258096538021482,1
2469_-454,33.371772,-7.997957,Casablanca,3,3,1.0,55000.0,55000.0,100000.0,0.946265187221801,0.0,0,0,53.44,Faible,1,Construction,1.3862943611198906,1
2470_-430,33.3838141,-7.5774614,Casablanca,6,6,0.5,100000.0,214999.99999999997,1500000.0,1.0,0.0,0,0,28.16,Faible,2,Other,1.9459101490553132,0
2472_-435,33.414212,-7.662719,Casablanca,7,7,1.0,650000.0,1160833.3333333335,4000000.0,0.9232196723355078,0.5833333333333333,3,1,61.355000000000004,Moyen,2,Information Technology,2.0794415416798357,1
2473_-446,33.422836,-7.853125,Casablanca,15,15,0.9444444444444445,100000.0,497888.88888888893,6000000.0,0.8667255430471602,0.1111111111111111,2,0,53.79,Faible,3,Commerce,2.772588722239781,1
2475_-426,33.4514944,-7.514991699999996,Casablanca,12,12,0.7388888888888889,100000.0,912222.2222222221,7500000.0,0.9605581434265924,0.0,0,0,42.123333333333335,Faible,3,Transport,2.5649493574615367,0
2475_-427,33.455998,-7.521093,Casablanca,27,27,0.9642857142857143,50000.0,323028.2738095238,2700000.0,0.8724617239662609,0.16517857142857142,4,1,57.915,Moyen,4,Construction,3.332204510175204,1
2475_-434,33.449332,-7.648521,Casablanca,34,34,1.0,150000.0,1300426.5873015872,15000000.0,0.9265915755790164,0.20595238095238097,6,1,62.01833333333334,Moyen,6,Information Technology,3.5553480614894135,1
2476_-454,33.4605782296,-7.99928172069,Casablanca,3,3,1.0,10000.0,73333.33333333333,200000.0,0.8112781244591328,0.0,0,0,50.91,Faible,1,Construction,1.3862943611198906,1
2478_-407,33.4992008,-7.179026000000022,Casablanca,16,16,0.3055555555555555,100100.0,219183.33333333334,1000000.0,0.804215188963493,0.27777777777777773,5,0,20.856666666666666,Faible,3,Construction,2.833213344056216,0
2478_-435,33.497193,-7.660711,Casablanca,11,11,0.8333333333333334,100000.0,401111.11111111107,4000000.0,0.9276942711037668,0.38888888888888884,4,0,49.343333333333334,Moyen,3,Information Technology,2.4849066497880004,1
2479_-433,33.5001269,-7.6283606,Casablanca,4,4,0.5,100000.0,244583.3333333333,1500000.0,0.8699155297736259,0.0,0,0,28.06,Faible,1,Other,1.6094379124341003,0
2479_-434,33.508966,-7.657671,Casablanca,3,3,1.0,20000.0,210000.0,600000.0,0.0,0.0,0,0,36.67,Faible,1,Commerce,1.3862943611198906,1
2479_-443,33.503089008,-7.80036679786,Casablanca,3,3,1.0,100000.0,100000.0,100000.0,0.9709505944546688,0.0,0,0,54.03,Moyen,1,Construction,1.3862943611198906,1
2480_-432,33.524046,-7.616726,Casablanca,3,3,1.0,100000.0,100666.66666666669,200000.0,0.8962406251802891,1.0,3,0,61.51,Moyen,1,Commerce,1.3862943611198906,1
2480_-433,33.5175672,-7.6325355,Casablanca,74,74,0.8095238095238094,100000.0,1131843.2234432234,20000000.0,0.7391460495109319,0.11564625850340135,2,1,48.385714285714286,Faible,7,Healthcare,4.31748811353631,2
2480_-434,33.52482,-7.65048,Casablanca,235,235,0.8336648919286491,100000.0,449150.05789334455,52800000.0,0.8170923583747364,0.13259028342519802,31,4,58.141,Fort,10,Commerce,5.4638318050256105,2
2480_-435,33.5191342622,-7.65980632131,Casablanca,9,9,1.0,150000.0,204166.66666666666,730000.0,0.8932941324021466,0.16666666666666666,2,0,57.05,Faible,2,Commerce,2.302585092994046,1
2480_-444,33.515224,-7.817848,Casablanca,63,63,0.9321941216678059,100000.0,211543.02118933699,5000000.0,0.8067851462340216,0.20345408976987925,13,1,60.146,Moyen,5,Construction,4.1588830833596715,1
2481_-421,33.538578,-7.417297,Casablanca,3,3,1.0,500000.0,506666.6666666667,1000000.0,0.9283832117695864,0.0,0,0,54.69,Moyen,1,Construction,1.3862943611198906,1
2481_-428,33.5387569043,-7.55280565775,Casablanca,26,26,0.9629629629629629,100000.0,144404.7619047619,2000000.0,0.7203538085811011,0.1931216931216931,5,2,56.626666666666665,Faible,3,Construction,3.295836866004329,1
2481_-429,33.538073751,-7.56767875201,Casablanca,20,20,0.96875,100000.0,309791.6666666666,2000000.0,0.9028370312787066,0.41041666666666665,7,0,58.94,Moyen,4,Commerce,3.044522437723423,1
2481_-430,33.533333,-7.583333,Casablanca,693,693,0.9411653442966315,100000.0,381393.2867587824,40000000.0,0.7869565675483935,0.278800716015894,212,63,72.11272727272727,Fort,11,Commerce,6.542471960506805,2
2481_-431,33.5357220535,-7.59348398049,Casablanca,273,273,0.8923558897243108,100000.0,254522.97146401982,11400000.0,0.7642226074376921,0.2483786078098472,88,6,61.258,Fort,10,Commerce,5.6131281063880705,2
2481_-432,33.532723,-7.617047,Casablanca,156,156,0.8964242044505203,100000.0,292213.6376417234,22091994.0,0.7853949387739031,0.1923418394471026,35,2,61.63285714285714,Fort,7,Commerce,5.056245805348308,2
2481_-434,33.527577,-7.647096,Casablanca,3,3,1.0,10000.0,40000.0,100000.0,0.9165164431996026,0.0,0,0,52.76,Faible,1,Transport,1.3862943611198906,1
2481_-435,33.532301,-7.6734,Casablanca,41,41,0.8893772893772894,100000.0,374498.83449883445,2000000.0,0.8375171494618088,0.18754578754578752,8,0,54.572,Faible,5,Construction,3.7376696182833684,1
2481_-436,33.52874,-7.67861,Casablanca,106,106,0.9457631257631257,100000.0,445263.86102717626,10000000.0,0.8141835606303511,0.1484508547008547,12,5,63.096666666666664,Fort,6,Construction,4.672828834461906,2
2481_-440,33.5358896774,-7.76283092418,Casablanca,3,3,1.0,100000.0,113333.33333333331,220000.0,0.8112781244591328,0.0,0,0,51.22,Faible,1,Construction,1.3862943611198906,1
2482_-424,33.5501392627,-7.46833603092,Casablanca,3,3,0.6666666666666666,100000.0,171666.66666666666,400000.0,0.946265187221801,0.0,0,0,36.01,Faible,1,Construction,1.3862943611198906,0
2482_-425,33.551321,-7.4860065,Casablanca,3,3,0.6666666666666666,100000.0,140000.0,300000.0,0.9283832117695864,0.3333333333333333,1,0,38.63,Faible,1,Commerce,1.3862943611198906,1
2482_-427,33.541008,-7.528538,Casablanca,17,17,0.8958333333333334,100000.0,174583.33333333334,2000000.0,0.9282033899348906,0.25,4,0,52.442499999999995,Faible,4,Commerce,2.8903717578961645,1
2482_-428,33.5480365,-7.5499209,Casablanca,17,17,0.8333333333333334,100000.0,132856.41025641028,1000000.0,0.8373905219836196,0.13333333333333333,2,0,48.97,Moyen,3,Healthcare,2.8903717578961645,1
2482_-429,33.54887,-7.567631,Casablanca,68,68,0.8270833333333333,100000.0,168258.65384615384,2500000.0,0.8724529087361078,0.12083333333333332,8,1,51.22375,Faible,8,Commerce,4.23410650459726,2
2482_-430,33.5469495109,-7.575181499999999,Casablanca,212,212,0.9528408585656486,100000.0,321815.10497439065,30000000.0,0.749551893515373,0.30197728664115214,49,6,67.26,Fort,7,Commerce,5.3612921657094255,2
2482_-431,33.547838,-7.5944172,Casablanca,112,112,0.8398809523809524,100000.0,369344.9654049654,6400000.0,0.8920440631478675,0.2213888888888889,22,5,55.385000000000005,Moyen,10,Construction,4.727387818712341,2
2482_-432,33.5499018,-7.6164733,Casablanca,67,67,0.7275132275132274,100000.0,315943.95604395604,10000000.0,0.821874241312338,0.14285714285714285,5,1,43.376666666666665,Faible,9,Healthcare,4.219507705176107,2
2482_-433,33.54271,-7.63942,Casablanca,33,33,0.9583333333333334,137500.0,564717.3484848485,8047300.0,0.8052250178396807,0.08522727272727272,2,2,57.4025,Moyen,4,Information Technology,3.5263605246161616,1
2482_-435,33.55126,-7.673708,Casablanca,4,4,1.0,100000.0,577500.0,2100000.0,0.898244401703927,0.25,1,0,57.14,Moyen,1,Commerce,1.6094379124341003,1
2482_-436,33.5493765355,-7.68502274798,Casablanca,105,105,0.9154545454545455,100000.0,156157.41866828824,1310400.0,0.8734159027912879,0.21929347826086956,21,2,60.59125,Fort,8,Construction,4.663439094112067,2
2482_-437,33.54227085,-7.70242659632,Casablanca,3,3,0.6666666666666666,100000.0,733333.3333333334,2000000.0,0.8962406251802891,0.0,0,0,35.13,Faible,1,Construction,1.3862943611198906,0
2482_-438,33.5443948,-7.7193985,Casablanca,20,20,0.5,100000.0,215523.0769230769,1500000.0,0.9197173235750932,0.0,0,0,32.38666666666666,Faible,3,Other,3.044522437723423,0
2483_-425,33.557174,-7.484752,Casablanca,60,60,0.9866666666666667,100000.0,414716.0217560218,10000000.0,0.862959905746839,0.28390054390054387,15,1,65.418,Moyen,5,Other,4.110873864173311,1
2483_-426,33.5673856,-7.5105254,Settat,24,24,0.5,100000.0,220384.18803418803,1500000.0,0.7639302025561887,0.0,0,0,30.36,Faible,3,Healthcare,3.2188758248682006,0
2483_-428,33.555903,-7.552163,Casablanca,131,131,0.9194775132275133,100000.0,715967.0220652363,44350500.0,0.8809752304720969,0.17449924414210125,21,2,63.707142857142856,Fort,7,Construction,4.882801922586371,2
2483_-429,33.565144,-7.56361,Casablanca,149,149,0.8273015873015872,100000.0,368005.6979938666,13505500.0,0.8787776086020911,0.19632505175983436,24,4,56.172000000000004,Faible,10,Commerce,5.0106352940962555,2
2483_-430,33.5641896,-7.5829,Casablanca,149,149,0.8811283567381127,100000.0,635363.9972706639,75000000.0,0.8734417909084813,0.2247318540210697,26,10,59.833333333333336,Fort,9,Commerce,5.0106352940962555,2
2483_-431,33.5636800729,-7.595563,Casablanca,228,228,0.9218815120985102,100000.0,482733.42948717956,30000000.0,0.7644528284487903,0.1919396353874955,50,13,62.33444444444444,Fort,9,Commerce,5.43372200355424,2
2483_-432,33.562433,-7.60967460878,Casablanca,136,136,0.8154727350129649,100000.0,585477.8622611957,28560000.0,0.7901875476758264,0.15069178373776074,27,4,52.693333333333335,Faible,9,Commerce,4.919980925828125,2
2483_-433,33.561425,-7.63568,Casablanca,141,141,0.896548169275442,100000.0,459822.1960471961,10000000.0,0.8511543806501343,0.37808956256849824,38,18,59.407272727272726,Moyen,11,Commerce,4.955827057601261,2
2483_-434,33.5659309,-7.64455,Casablanca,99,99,0.8690476190476191,100000.0,422244.6988196988,10000000.0,0.8084933981670414,0.19854953475643128,22,6,55.16,Faible,8,Commerce,4.605170185988092,2
2483_-435,33.55672,-7.667043,Casablanca,229,229,0.9215084974363309,100000.0,409205.40692786156,30000000.0,0.8571648596986073,0.22896480333251376,39,9,66.03875,Fort,8,Commerce,5.438079308923196,2
2483_-436,33.5564236661,-7.67990817114,Casablanca,457,457,0.8020332916559331,100000.0,290042.25883340463,44350500.0,0.8109261345155877,0.1603213938554221,99,4,60.85545454545454,Fort,11,Commerce,6.126869184114185,2
2484_-427,33.574167,-7.529722,Casablanca,57,57,0.9623015873015873,100000.0,263804.5288045288,10000000.0,0.8413994957872383,0.24503968253968253,13,1,60.08166666666667,Moyen,6,Construction,4.060443010546419,1
2484_-428,33.573358,-7.551358499999999,Casablanca,268,268,0.8285089824841378,100000.0,478905.6196011736,44350500.0,0.825142359368305,0.19677350359873155,61,10,59.245000000000005,Fort,10,Commerce,5.594711379601839,2
2484_-429,33.5691451409,-7.5555955,Casablanca,216,216,0.8992107012102698,100000.0,1133592.9441481172,17000000.0,0.7818720712264879,0.22274812571156605,54,10,61.402,Fort,10,Commerce,5.37989735354046,2
2484_-430,33.570022,-7.58374687999,Casablanca,158,158,0.8120704384268214,100000.0,173840.88078588078,2500000.0,0.8197905494509031,0.1902955745235157,34,3,54.686,Faible,10,Commerce,5.0689042022202315,2
2484_-431,33.573254,-7.597602,Casablanca,446,446,0.930940328328388,100000.0,141814082.64374667,79869911040.0,0.8324264907977303,0.19635364635364635,109,18,68.59363636363636,Fort,11,Commerce,6.102558594613569,2
2484_-432,33.573978,-7.615117,Casablanca,466,466,0.8690298739931093,100000.0,605548.2623382068,100000000.0,0.8205929202380865,0.17507685517791902,85,19,64.32000000000001,Fort,12,Commerce,6.1463292576688975,2
2484_-433,33.5771,-7.626091,Casablanca,1317,1317,0.8947640475897203,100000.0,1449134.7211416229,500000000.0,0.8346581335541119,0.20281940800534995,211,52,73.65307692307692,Fort,13,Commerce,7.183870715062453,2
2484_-434,33.5725287,-7.645361,Casablanca,554,554,0.8259266914439328,100000.0,85858993.8218678,79869911040.0,0.8589254328360356,0.16900323140245432,100,25,64.51333333333334,Fort,12,Commerce,6.318968113746434,2
2484_-435,33.5737,-7.667535,Casablanca,161,161,0.9236487775790101,100000.0,370891.1861781629,8000000.0,0.8109600257038123,0.2002539682539682,34,8,59.98,Moyen,10,Commerce,5.087596335232384,2
2484_-436,33.5696425741,-7.6834683,Casablanca,48,48,0.8484848484848484,100000.0,962556.2703962704,16000000.0,0.8046834582637913,0.24787878787878787,8,0,53.576,Moyen,5,Healthcare,3.8918202981106265,1
2484_-437,33.5756993,-7.7070327,Casablanca,2730,2730,0.6111111111111112,100000.0,171552.42165242168,1500000.0,0.7546830872765655,0.0,0,0,66.14111111111112,Fort,9,Healthcare,7.912423121473705,2
2485_-425,33.588406,-7.498113,Casablanca,159,159,0.9679330065359477,100000.0,268724.59709119494,13050000.0,0.8086970383099938,0.19546568627450978,16,6,64.13499999999999,Fort,8,Construction,5.075173815233827,2
2485_-426,33.5822666,-7.5089036,Casablanca,29,29,0.6666666666666666,100000.0,174327.4928774929,2500000.0,0.8206674022295637,0.0,0,0,40.1675,Faible,4,Healthcare,3.4011973816621555,0
2485_-427,33.587208000000004,-7.5241164463,Casablanca,30,30,0.8833333333333332,100000.0,612064.9350649351,7000000.0,0.8523824044424678,0.3,6,1,53.056,Moyen,5,Commerce,3.4339872044851463,1
2485_-428,33.58518,-7.548406,Casablanca,128,128,0.861247947454844,100000.0,345925.8206672,12500000.0,0.8202099355643766,0.286152162014231,28,12,57.092222222222226,Fort,9,Construction,4.859812404361672,2
2485_-429,33.586466,-7.560805,Casablanca,279,279,0.8438651691745407,100000.0,263255.6542586512,6000000.0,0.8510624055659395,0.18348755284607207,58,7,65.61875,Fort,8,Commerce,5.634789603169249,2
2485_-430,33.58662,-7.57977,Casablanca,366,366,0.9245076541815672,100000.0,519578.5042980009,36500000.0,0.7563650957896699,0.21568595401547347,79,18,65.337,Fort,10,Commerce,5.905361848054571,2
2485_-431,33.5910789,-7.60025,Casablanca,1213,1213,0.9144398320275262,100000.0,1317214.6384103782,1200000000.0,0.7627433947814274,0.27216439033216905,245,118,73.09916666666668,Fort,12,Commerce,7.101675971619444,2
2485_-432,33.58694440000001,-7.611111100000016,Casablanca,7450,11815,0.6216481765481278,100000.0,352912136.84203374,79869911040.0,0.8626460524712267,0.15519684087572408,1040,565,74.71769230769232,Fort,13,Commerce,8.916103530553727,2
2485_-433,33.588317,-7.633046500000001,Casablanca,1940,1940,0.8675206494888825,100000.0,1396632.1780601642,500000000.0,0.8483804023760448,0.21130334729159694,362,114,76.95076923076923,Fort,13,Commerce,7.57095858316901,2
2485_-434,33.5897,-7.64513,Casablanca,394,394,0.824150386795815,100000.0,1383353.9049813913,500000000.0,0.8413415060343685,0.2764372514086473,68,35,62.4975,Fort,12,Commerce,5.978885764901122,2
2485_-435,33.5873,-7.666085,Casablanca,31,31,0.8928571428571429,100000.0,2151543.6507936507,49387000.0,0.9198434457432304,0.4246031746031746,11,3,55.495000000000005,Moyen,6,Information Technology,3.4657359027997265,1
2485_-436,33.5927127,-7.6775669,Casablanca,5,5,1.0,100000.0,100000.0,100000.0,0.8730017623570717,0.0,0,0,56.28,Moyen,1,Tourism & Hospitality,1.791759469228055,1
2486_-421,33.6016630752,-7.42753633951,Casablanca,5,5,1.0,30000.0,52000.0,100000.0,0.6500224216483541,0.0,0,0,52.11,Faible,1,Construction,1.791759469228055,1
2486_-424,33.599474,-7.469188,Casablanca,3,3,1.0,100000.0,100000.0,100000.0,0.0,0.0,0,0,36.95,Faible,1,Information Technology,1.3862943611198906,1
2486_-425,33.6003574967,-7.48430972711,Casablanca,19,19,0.9743589743589745,100000.0,295811.9658119658,5200000.0,0.748385492113419,0.16239316239316237,3,0,54.29333333333333,Faible,3,Construction,2.995732273553991,1
2486_-426,33.605108,-7.51404167045,Casablanca,89,89,0.9261363636363636,100000.0,415854.2735042735,10000000.0,0.8439363407735847,0.17840755735492575,14,3,58.8125,Moyen,8,Commerce,4.499809670330265,2
2486_-427,33.605272,-7.52521,Casablanca,27,27,0.9375,100000.0,213035.7142857143,1500000.0,0.8081130810953053,0.20833333333333331,3,1,55.167500000000004,Moyen,4,Construction,3.332204510175204,1
2486_-428,33.601564,-7.545368,Casablanca,313,313,0.9345905799853169,100000.0,33042821.22377863,10780000256.0,0.8005477028339505,0.16409906497773344,46,20,66.22222222222223,Fort,9,Commerce,5.749392985908253,2
2486_-429,33.6009511,-7.55992065,Casablanca,38,38,0.8703703703703703,100000.0,722761.5384615385,20000000.0,0.8815360576154168,0.28703703703703703,6,3,53.375,Moyen,6,Other,3.6635616461296463,1
2486_-430,33.60001,-7.58306,Casablanca,275,275,0.887131947000368,100000.0,127186967.20197126,79869911040.0,0.8260432519068868,0.22317277615625225,59,18,62.665,Fort,10,Commerce,5.62040086571715,2
2486_-431,33.59612,-7.5943479,Casablanca,267,267,0.9431343995888348,100000.0,494548.8568190703,30000000.0,0.8262616525944497,0.24205698318970628,48,27,64.92363636363636,Fort,11,Commerce,5.5909869805108565,2
2486_-432,33.596457,-7.615478,Casablanca,726,726,0.9039467778598212,100000.0,124532054.68671091,79869911040.0,0.8425764662518683,0.30892651002939286,163,72,70.98461538461538,Fort,13,Commerce,6.588926477533519,2
2486_-433,33.59933,-7.6335143,Casablanca,654,654,0.8491132764684314,100000.0,2028613.0173367525,3500000000.0,0.8403152064302962,0.2266022000615838,138,40,68.37166666666667,Fort,12,Commerce,6.484635235635252,2
2486_-434,33.599089,-7.6448,Casablanca,227,227,0.8467695826186392,100000.0,258661.20326214668,15000000.0,0.8388715268982253,0.2674066527095325,56,7,59.302727272727275,Moyen,11,Commerce,5.429345628954441,2
2486_-435,33.5973576,-7.6703258,Casablanca,89,89,0.7142857142857143,100000.0,309509.89010989014,1000000.0,0.8771029185416158,0.03928571428571427,3,0,49.207142857142856,Faible,7,Tourism & Hospitality,4.499809670330265,0
2487_-404,33.613439,-7.121855,Casablanca,53,53,0.9666666666666666,100000.0,201630.4347826087,6300000.0,0.7497199755300089,0.3466666666666667,21,1,59.996,Faible,5,Construction,3.9889840465642745,1
2487_-424,33.6191215734,-7.48132719356,Casablanca,3,3,1.0,100000.0,100000.0,100000.0,0.9674887648835618,0.3333333333333333,1,0,56.9,Moyen,1,Commerce,1.3862943611198906,1
2487_-425,33.6177423,-7.4847494,Casablanca,863,863,0.8451529654654655,100000.0,191830.08927813682,2500000.0,0.7436082374548694,0.09616131031693943,25,5,63.8775,Fort,12,Healthcare,6.761572768804055,2
2487_-426,33.610869,-7.504093,Casablanca,222,222,0.929729268855386,100000.0,1628274.2327425524,42000000.0,0.8179815849924558,0.13006087518357426,29,7,64.14363636363636,Fort,11,Commerce,5.407171771460119,2
2487_-427,33.611775,-7.5287885,Casablanca,192,192,0.9231329628625644,100000.0,2028620.586343167,120000000.0,0.7760476289870275,0.34513644167344354,51,28,64.82875,Fort,8,Commerce,5.262690188904886,2
2487_-428,33.6163185,-7.542721,Casablanca,128,128,0.970870399441828,100000.0,849040.0822799982,44350500.0,0.8660659000134446,0.31349226306728756,26,12,67.19714285714285,Fort,7,Commerce,4.859812404361672,2
2487_-429,33.609111,-7.55885,Casablanca,26,26,1.0,100000.0,258645.8333333333,2000000.0,0.8023964535051948,0.32291666666666663,5,3,59.1325,Moyen,4,Commerce,3.295836866004329,1
2488_-404,33.6228983,-7.1267176,Benslimane,238,238,0.5,100000.0,219601.7908017908,2500000.0,0.7227421742728103,0.0,0,0,39.81142857142857,Faible,7,Healthcare,5.476463551931511,0
2488_-426,33.625507,-7.508556,Casablanca,11,11,0.8222222222222223,100000.0,366922.22222222225,3000000.0,0.9101223762275824,0.17777777777777778,1,1,46.46666666666667,Faible,3,Construction,2.4849066497880004,1
2489_-421,33.6458771396,-7.42855300742,Casablanca,3,3,1.0,100000.0,133333.33333333334,200000.0,0.8112781244591328,0.0,0,0,51.22,Faible,1,Construction,1.3862943611198906,1
2489_-422,33.640855,-7.43451,Casablanca,3,3,0.6666666666666666,100000.0,100000.0,100000.0,0.9528195311147832,0.3333333333333333,1,0,39.06,Faible,1,Commerce,1.3862943611198906,1
2489_-423,33.635666,-7.448419,Casablanca,55,55,0.940091706539075,100000.0,240367.42424242423,3000000.0,0.8601237997886619,0.1507509303561935,7,1,58.47833333333333,Moyen,6,Construction,4.02535169073515,1
2491_-420,33.6639918,-7.4091366,Mohammedia,3,3,0.5,100000.0,170000.0,500000.0,0.9409583900892994,0.0,0,0,27.12,Faible,1,Professional Services,1.3862943611198906,0
2491_-422,33.667774,-7.432867,Casablanca,7,7,1.0,100000.0,111875.0,400000.0,0.881353453268883,0.16666666666666666,1,0,55.015,Moyen,2,Commerce,2.0794415416798357,1
2492_-416,33.687645,-7.333438,Casablanca,4,4,1.0,100000.0,125000.0,200000.0,0.9138646883853214,0.0,0,0,55.21,Moyen,1,Construction,1.6094379124341003,1
2492_-418,33.6848637,-7.3730371,Mohammedia,10,10,0.5,100000.0,216569.2307692308,1000000.0,0.5152734452350943,0.0,0,0,29.54,Faible,1,Healthcare,2.3978952727983707,0
2492_-419,33.6833333,-7.383333300000004,Casablanca,155,155,0.4822632155965489,100000.0,854993.1783539626,43000000.0,0.8141603524879364,0.23106377053745472,28,7,38.19444444444444,Faible,9,Commerce,5.049856007249537,2
2492_-420,33.68207085,-7.396407,Casablanca,6,6,0.75,550000.0,5788880.666666667,33033284.0,0.9172088932791936,0.16666666666666666,1,0,42.945,Faible,2,Construction,1.9459101490553132,1
2493_-418,33.6990838,-7.3640426,Casablanca,24,24,0.5,100000.0,241306.65954415954,2500000.0,0.8882843659935058,0.0,0,0,31.415,Faible,4,Finance,3.2188758248682006,0
2493_-419,33.6956681,-7.3876759,Mohammedia,574,574,0.8636294261294261,100000.0,273889.0637140637,1600000.0,0.7446235480838529,0.16249817828008065,19,2,62.61000000000001,Fort,12,Healthcare,6.354370040797351,2
2494_-417,33.7078581,-7.3526098,Mohammedia,3,3,0.5,100000.0,200000.0,250000.0,0.9464119282150146,0.0,0,0,27.22,Faible,1,Finance,1.3862943611198906,0
2494_-418,33.702852,-7.372212,Casablanca,191,191,0.8898818689079055,100000.0,733261.8157441637,52070500.0,0.7745446500909607,0.2700221240240527,55,9,64.04571428571428,Fort,7,Construction,5.2574953720277815,2
2495_-416,33.7173519,-7.3404585,Benslimane,25,25,0.5,100000.0,195523.0769230769,1000000.0,0.7934034482395906,0.0,0,0,31.830000000000002,Faible,3,Healthcare,3.258096538021482,0
2500_-406,33.784067,-7.158172,Casablanca,15,15,1.0,100000.0,169158.73015873015,1500000.0,0.8801739875608642,0.1619047619047619,3,0,57.449999999999996,Moyen,3,Construction,2.772588722239781,1
2504_-399,33.85,-7.029999999999973,Casablanca,86,86,0.43597582972582977,100000.0,194020.85834333734,10000000.0,0.8313558497431853,0.0,0,0,31.330000000000002,Faible,7,Construction,4.465908118654584,0
